{"val_image": {"_type": "image-file", "path": "media/images/val_image_0_4e12433c.png", "sha256": "4e12433ce2823160bed5889cfdd251f96bf8c1aeed717672344e5540ef6bb82f", "size": 872200, "format": "png", "width": 1610, "height": 586}, "_runtime": 96.35282373428345, "_step": 9, "_timestamp": 1659050336.990746, "global_step": 6, "val_ctrl": 2.495666337013245, "val_loss": 0.640108847618103, "val_speed": 4.805994319915771, "val_steer": 0.18533850014209746, "val_point": 0.39054222106933595, "train_loss": 0.6097438335418701, "train_point": 0.43535783886909485, "train_speed": 2.9433248043060303, "train_ctrl": 1.743859887123108, "train_image": {"_type": "image-file", "path": "media/images/train_image_2_801dee64.png", "sha256": "801dee644107aaf2fbc71e2e09b462f167412168d741aec4c6308c1271b976b4", "size": 873487, "format": "png", "width": 1610, "height": 586}, "train_steer": 0.5443953275680542}
